FechaHora,X,Y,Z
24/05/2002 00:00:00.032000,5355965.896547906,17081433.910800178,20052845.851552837
24/05/2002 00:00:30.032000,5284542.856810242,17061563.509202402,20088697.664162733
24/05/2002 00:01:00.032000,5212960.75435974,17041772.53801159,20124178.444006752
24/05/2002 00:01:30.032000,5141220.918267146,17022061.96158739,20159287.53642372
24/05/2002 00:02:00.032000,5069324.683896367,17002432.737147093,20194024.293368015
24/05/2002 00:02:30.032000,4997273.3928570505,16982885.814725913,20228388.0734202
24/05/2002 00:03:00.032000,4925068.392957643,16963422.137137435,20262378.24179753
24/05/2002 00:03:30.032000,4852711.038158177,16944042.639934387,20295994.170364376
24/05/2002 00:04:00.032000,4780202.688522153,16924748.25136984,20329235.237642586
24/05/2002 00:04:30.032000,4707544.710169123,16905539.89235853,20362100.828821726
24/05/2002 00:05:00.032000,4634738.47522608,16886418.476438653,20394590.33576925
24/05/2002 00:05:30.032000,4561785.361779357,16867384.909733865,20426703.157040525
24/05/2002 00:06:00.032000,4488686.753826097,16848440.09091559,20458438.69788887
24/05/2002 00:06:30.032000,4415444.041225077,16829584.91116574,20489796.370275397
24/05/2002 00:07:00.032000,4342058.619647839,16810820.254139658,20520775.592878785
24/05/2002 00:07:30.032000,4268531.890529476,16792146.995929338,20551375.791105084
24/05/2002 00:08:00.032000,4194865.261018794,16773566.005027115,20581596.397097204
24/05/2002 00:08:30.000000,4121060.1439287094,16755078.142289547,20611436.84974449
24/05/2002 00:09:00.000000,4047117.9576864727,16736684.260901576,20640896.594692163
24/05/2002 00:09:30.000000,3973040.1262829904,16718385.206341194,20669975.084350638
24/05/2002 00:10:00.000000,3898828.0792227318,16700181.816344254,20698671.77790474
24/05/2002 00:10:30.000000,3824483.2514730305,16682074.920869622,20726986.141322944
24/05/2002 00:11:00.000000,3750007.083413046,16664065.342064824,20754917.64736631
24/05/2002 00:11:30.000000,3675401.020782922,16646153.894231737,20782465.77559758
24/05/2002 00:12:00.000000,3600666.5146323266,16628341.383792883,20809630.01238992
24/05/2002 00:12:30.000000,3525805.0212687934,16610628.609257884,20836409.850935843
24/05/2002 00:13:00.000000,3450818.0022065057,16593016.361190239,20862804.791255794
24/05/2002 00:13:30.000000,3375706.924113727,16575505.42217457,20888814.340206806
24/05/2002 00:14:00.000000,3300473.2587610446,16558096.566784069,20914438.01149097
24/05/2002 00:14:30.000000,3225118.4829692077,16540790.56154828,20939675.32566387
24/05/2002 00:15:00.000000,3149644.0785559826,16523588.164921341,20964525.810142912
24/05/2002 00:15:30.000000,3074051.5322839106,16506490.127250422,20988988.999215543
24/05/2002 00:16:00.000000,2998342.335807347,16489497.190744521,21013064.43404734
24/05/2002 00:16:30.000000,2922517.985619005,16472610.08944373,21036751.662690163
24/05/2002 00:17:00.000000,2846579.982996841,16455829.549188634,21060050.24008997
24/05/2002 00:17:30.000000,2770529.8339506695,16439156.287590196,21082959.72809478
24/05/2002 00:18:00.000000,2694369.04916809,16422591.014000004,21105479.69546238
24/05/2002 00:18:30.000000,2618099.1439608843,16406134.429480651,21127609.71786803
24/05/2002 00:19:00.000000,2541721.638210799,16389787.226776762,21149349.377911966
24/05/2002 00:19:30.000000,2465238.056315156,16373550.090286124,21170698.265126996
24/05/2002 00:20:00.000000,2388649.9271328547,16357423.696031263,21191655.975985784
24/05/2002 00:20:30.000000,2311958.7839290407,16341408.711631339,21212222.113908205
24/05/2002 00:21:00.000000,2235166.1643208372,16325505.796274463,21232396.289268512
24/05/2002 00:21:30.000000,2158273.6102222144,16309715.600690197,21252178.11940247
24/05/2002 00:22:00.000000,2081282.667788641,16294038.76712261,21271567.228614345
24/05/2002 00:22:30.000000,2004194.8873619423,16278475.929303551,21290563.24818384
24/05/2002 00:23:00.000000,1927011.8234147432,16263027.712426245,21309165.81637293
24/05/2002 00:23:30.000000,1849735.0344946806,16247694.733119423,21327374.578432534
24/05/2002 00:24:00.000000,1772366.0831687872,16232477.599421576,21345189.186609223
24/05/2002 00:24:30.000000,1694906.5359671868,16217376.910755748,21362609.30015171
24/05/2002 00:25:00.000000,1617357.9633269855,16202393.25790458,21379634.585317332
24/05/2002 00:25:30.000000,1539721.9395363734,16187527.222985748,21396264.71537835
24/05/2002 00:26:00.000000,1462000.0426773806,16172779.37942777,21412499.370628268
24/05/2002 00:26:30.000000,1384193.8545697224,16158150.291946147,21428338.238387957
24/05/2002 00:27:00.000000,1306304.960714054,16143640.516519861,21443781.013011705
24/05/2002 00:27:30.000000,1228334.950234651,16129250.60036829,21458827.395893235
24/05/2002 00:28:00.000000,1150285.4158224831,16114981.081928395,21473477.09547153
24/05/2002 00:28:30.000000,1072157.9536782254,16100832.490832342,21487729.82723665
24/05/2002 00:29:00.000000,993954.1634542606,16086805.347885476,21501585.3137354
24/05/2002 00:29:30.000000,915675.6481976219,16072900.165044622,21515043.284576904
24/05/2002 00:30:00.000000,837324.0142922825,16059117.445396785,21528103.47643813
24/05/2002 00:30:30.000000,758900.8714009004,16045457.68313821,21540765.633069277
24/05/2002 00:31:00.000000,680407.8324074764,16031921.363553828,21553029.50529903
24/05/2002 00:31:30.000000,601846.5133586846,16018508.962997023,21564894.851039834
24/05/2002 00:32:00.000000,523218.5334058829,16005220.948869808,21576361.435292944
24/05/2002 00:32:30.000000,444525.5147469394,15992057.77960334,21587429.030153476
24/05/2002 00:33:00.000000,365769.08256734506,15979019.90463886,21598097.4148153
24/05/2002 00:33:30.000000,286950.8649817415,15966107.76440895,21608366.375575848
24/05/2002 00:34:00.000000,208072.4929754901,15953321.790319161,21618235.705840867
24/05/2002 00:34:30.000000,129135.60034523543,15940662.404730067,21627705.20612902
24/05/2002 00:35:00.000000,50141.823640267416,15928130.020939648,21636774.684076406
24/05/2002 00:35:30.000000,-28907.19789654639,15915725.04316604,21645443.954441007
24/05/2002 00:36:00.000000,-108009.82238815572,15903447.866530718,21653712.839107018
24/05/2002 00:36:30.000000,-187164.40538273373,15891298.877041973,21661581.16708907
24/05/2002 00:37:00.000000,-266369.299912813,15879278.451578846,21669048.774536386
24/05/2002 00:37:30.000000,-345622.85655519716,15867386.95787539,21676115.504736807
24/05/2002 00:38:00.000000,-424923.4234903648,15855624.75450531,21682781.208120704
24/05/2002 00:38:30.000000,-504269.34656242066,15843992.190867031,21689045.7422649
24/05/2002 00:39:00.000000,-583658.9693389701,15832489.607169045,21694908.971896335
24/05/2002 00:39:30.000000,-663090.6331709085,15821117.334415782,21700370.76889576
24/05/2002 00:40:00.000000,-742562.6772527453,15809875.694393719,21705431.012301262
24/05/2002 00:40:30.000000,-822073.4386827472,15798764.999657968,21710089.588311747
24/05/2002 00:41:00.000000,-901621.2525228799,15787785.553519208,21714346.390290234
24/05/2002 00:41:30.000000,-981204.4518596445,15776937.650030976,21718201.31876718
24/05/2002 00:42:00.000000,-1060821.3678643317,15766221.573977409,21721654.281443566
24/05/2002 00:42:30.000000,-1140470.3298534022,15755637.6008613,21724705.193194006
24/05/2002 00:43:00.000000,-1220149.665349388,15745185.996892584,21727353.976069663
24/05/2002 00:43:30.000000,-1299857.700141416,15734867.01897718,21729600.559301123
24/05/2002 00:44:00.000000,-1379592.758346025,15724680.91470625,21731444.87930117
24/05/2002 00:44:30.000000,-1459353.162468246,15714627.922345798,21732886.879667405
24/05/2002 00:45:00.000000,-1539137.23346213,15704708.270826707,21733926.511184826
24/05/2002 00:45:30.000000,-1618943.2907921944,15694922.17973512,21734563.73182829
24/05/2002 00:46:00.000000,-1698769.652494391,15685269.859303243,21734798.506764855
24/05/2002 00:46:30.000000,-1778614.6352370647,15675751.510400513,21734630.808356047
24/05/2002 00:47:00.000000,-1858476.554382392,15666367.324525157,21734060.616160024
24/05/2002 00:47:30.000000,-1938353.7240477686,15657117.483796146,21733087.916933633
24/05/2002 00:48:00.000000,-2018244.4571668424,15648002.160945548,21731712.704634324
24/05/2002 00:48:30.000000,-2098147.0655512614,15639021.519311234,21729934.980422076
24/05/2002 00:49:00.000000,-2178059.859952054,15630175.71283003,21727754.752661098
24/05/2002 00:49:30.000000,-2257981.1501210225,15621464.886031203,21725172.036921512
24/05/2002 00:50:00.000000,-2337909.2448725994,15612889.174030377,21722186.855980884
24/05/2002 00:50:30.000000,-2417842.4521451537,15604448.702523837,21718799.23982568
24/05/2002 00:51:00.000000,-2497779.079063081,15596143.587783167,21715009.22565264
24/05/2002 00:51:30.000000,-2577717.43199834,15587973.93665038,21710816.857869994
24/05/2002 00:52:00.001000,-2657655.8166320315,15579939.846533392,21706222.188098624
24/05/2002 00:52:30.001000,-2737592.5380166685,15572041.405401822,21701225.2751731
24/05/2002 00:53:00.001000,-2817525.9006377626,15564278.6917833,21695826.18514265
24/05/2002 00:53:30.001000,-2897454.2084757006,15556651.774760108,21690024.991271954
24/05/2002 00:54:00.001000,-2977375.765067896,15549160.713966206,21683821.77404191
24/05/2002 00:54:30.001000,-3057288.8735706927,15541805.55958467,21677216.621150285
24/05/2002 00:55:00.001000,-3137191.8368210825,15534586.352345554,21670209.627512213
24/05/2002 00:55:30.001000,-3217082.9573992994,15527503.123524059,21662800.89526064
24/05/2002 00:56:00.001000,-3296960.537690485,15520555.894939162,21654990.533746652
24/05/2002 00:56:30.001000,-3376822.8799467143,15513744.678952705,21646778.659539726
24/05/2002 00:57:00.001000,-3456668.2863495816,15507069.478468671,21638165.396427765
24/05/2002 00:57:30.001000,-3536495.0590717173,15500530.286933118,21629150.875417236
24/05/2002 00:58:00.001000,-3616301.5003394363,15494127.088334272,21619735.23473298
24/05/2002 00:58:30.001000,-3696085.9124947307,15487859.857203165,21609918.619818084
24/05/2002 00:59:00.001000,-3775846.5980572547,15481728.55861466,21599701.18333357
24/05/2002 00:59:30.001000,-3855581.859786821,15475733.14818876,21589083.085157953
24/05/2002 01:00:00.001000,-3935290.0670343046,15469873.614815583,21578064.463426635
24/05/2002 01:00:30.001000,-4014969.384192902,15464149.81286063,21566645.5530069
24/05/2002 01:01:00.001000,-4094618.1878503226,15458561.70920145,21554826.503884446
24/05/2002 01:01:30.001000,-4174234.782352312,15453109.221659172,21542607.504800312
24/05/2002 01:02:00.001000,-4253817.472595349,15447792.258613082,21529988.751709502
24/05/2002 01:02:30.001000,-4333364.564089408,15442610.719004156,21516970.447779868
24/05/2002 01:03:00.001000,-4412874.36301977,15437564.492339408,21503552.80339107
24/05/2002 01:03:30.001000,-4492345.176309384,15432653.458696319,21489736.03613327
24/05/2002 01:04:00.001000,-4571775.311681132,15427877.488727806,21475520.370805837
24/05/2002 01:04:30.001000,-4651163.077719663,15423236.443667665,21460906.039415896
24/05/2002 01:05:00.001000,-4730506.783933827,15418730.175336163,21445893.281176746
24/05/2002 01:05:30.001000,-4809804.740818865,15414358.52614622,21430482.34250622
24/05/2002 01:06:00.001000,-4889055.259918141,15410121.329110036,21414673.477024946
24/05/2002 01:06:30.001000,-4968256.653885676,15406018.407845894,21398466.945554435
24/05/2002 01:07:00.001000,-5047407.236548041,15402049.576585492,21381863.016115118
24/05/2002 01:07:30.001000,-5126505.32296618,15398214.640181791,21364861.963924274
24/05/2002 01:08:00.001000,-5205549.229497758,15394513.39411697,21347464.07139382
24/05/2002 01:08:30.001000,-5284537.273859102,15390945.62451098,21329669.628128037
24/05/2002 01:09:00.001000,-5363467.775186763,15387511.108130565,21311478.93092116
24/05/2002 01:09:30.001000,-5442339.054100039,15384209.612398356,21292892.283754833
24/05/2002 01:10:00.001000,-5521149.432762209,15381040.895402776,21273909.997795552
24/05/2002 01:10:30.001000,-5599897.234942874,15378004.705907961,21254532.391391873
24/05/2002 01:11:00.001000,-5678580.786079544,15375100.783364316,21234759.79007163
24/05/2002 01:11:30.001000,-5757198.413339217,15372328.857919449,21214592.52653896
24/05/2002 01:12:00.001000,-5835748.445680353,15369688.650429338,21194030.940671276
24/05/2002 01:12:30.001000,-5914229.213914473,15367179.872470025,21173075.379516087
24/05/2002 01:13:00.001000,-5992639.050767454,15364802.22634978,21151726.197287746
24/05/2002 01:13:30.001000,-6070976.290941445,15362555.405121408,21129983.755364064
24/05/2002 01:14:00.001000,-6149239.271176226,15360439.092595141,21107848.42228285
24/05/2002 01:14:30.001000,-6227426.330310344,15358452.963351998,21085320.573738296
24/05/2002 01:15:00.001000,-6305535.809342985,15356596.682757225,21062400.59257726
24/05/2002 01:15:30.001000,-6383566.051494898,15354869.90697443,21039088.86879551
24/05/2002 01:16:00.001000,-6461515.402269583,15353272.282980038,21015385.799533747
24/05/2002 01:16:30.001000,-6539382.209514775,15351803.448577967,20991291.7890736
24/05/2002 01:17:00.001000,-6617164.823483188,15350463.03241499,20966807.24883349
24/05/2002 01:17:30.001000,-6694861.596893762,15349250.653996186,20941932.59736437
24/05/2002 01:18:00.001000,-6772470.884992474,15348165.92370096,20916668.26034538
24/05/2002 01:18:30.001000,-6849991.045613176,15347208.442799514,20891014.670579363
24/05/2002 01:19:00.001000,-6927420.439238482,15346377.803469451,20864972.267988283
24/05/2002 01:19:30.001000,-7004757.429060447,15345673.588813003,20838541.49960856
24/05/2002 01:20:00.001000,-7082000.38104096,15345095.37287464,20811722.819586236
24/05/2002 01:20:30.001000,-7159147.663972546,15344642.720658842,20784516.689172097
24/05/2002 01:21:00.001000,-7236197.64953873,15344315.188148504,20756923.576716613
24/05/2002 01:21:30.001000,-7313148.712374141,15344112.322323706,20728943.957664832
24/05/2002 01:22:00.001000,-7389999.230125087,15344033.661180643,20700578.314551126
24/05/2002 01:22:30.001000,-7466747.583509516,15344078.733751189,20671827.136993848
24/05/2002 01:23:00.001000,-7543392.156376992,15344247.060122829,20642690.92168982
24/05/2002 01:23:30.001000,-7619931.335768861,15344538.151458723,20613170.17240882
24/05/2002 01:24:00.001000,-7696363.511977849,15344951.510018552,20583265.39998781
24/05/2002 01:24:30.001000,-7772687.078607902,15345486.629179336,20552977.12232523
24/05/2002 01:25:00.001000,-7848900.432633983,15346142.993456934,20522305.864374988
24/05/2002 01:25:30.001000,-7925001.974461153,15346920.078527877,20491252.158140477
24/05/2002 01:26:00.001000,-8000990.107984378,15347817.351251388,20459816.54266843
24/05/2002 01:26:30.001000,-8076863.240647663,15348834.269692019,20427999.564042673
24/05/2002 01:27:00.001000,-8152619.783503101,15349970.283142626,20395801.775377728
24/05/2002 01:27:30.001000,-8228258.151270106,15351224.832147537,20363223.73681236
24/05/2002 01:28:00.001000,-8303776.762394234,15352597.348526321,20330266.015502997
24/05/2002 01:28:30.001000,-8379174.039105905,15354087.255397929,20296929.185616978
24/05/2002 01:29:00.001000,-8454448.407479301,15355693.96720492,20263213.828325752
24/05/2002 01:29:30.001000,-8529598.29749059,15357416.889738545,20229120.531797957
24/05/2002 01:30:00.001000,-8604622.143076546,15359255.420163749,20194649.891192388
24/05/2002 01:30:30.001000,-8679518.382192915,15361208.947044745,20159802.508650754
24/05/2002 01:31:00.001000,-8754285.4568721,15363276.850371182,20124578.993290525
24/05/2002 01:31:30.001000,-8828921.813281642,15365458.501584204,20088979.961197432
24/05/2002 01:32:00.001000,-8903425.90178195,15367753.263603225,20053006.03541801
24/05/2002 01:32:30.001000,-8977796.176983641,15370160.490853166,20016657.845952008
24/05/2002 01:33:00.001000,-9052031.097805733,15372679.529291619,19979936.02974454
24/05/2002 01:33:30.001000,-9126129.127532506,15375309.716436848,19942841.23067841
24/05/2002 01:34:00.001000,-9200088.733870996,15378050.381395971,19905374.099565994
24/05/2002 01:34:30.001000,-9273908.389008116,15380900.844893403,19867535.294141244
24/05/2002 01:35:00.001000,-9347586.569667697,15383860.419299824,19829325.47905145
24/05/2002 01:35:30.001000,-9421121.757166896,15386928.408661567,19790745.32584894
24/05/2002 01:36:00.002000,-9494512.437473385,15390104.108730087,19751795.512982715
24/05/2002 01:36:30.001999,-9567757.10126128,15393386.806992175,19712476.725789778
24/05/2002 01:37:00.002000,-9640854.243967904,15396775.782700192,19672789.656486604
24/05/2002 11:54:30.015999,-5844778.045710369,-17220552.52510081,19795436.138420746
24/05/2002 11:55:00.016000,-5774488.850746165,-17200160.297268134,19833831.67670751
24/05/2002 11:55:30.015999,-5704031.589310135,-17179840.654127557,19871860.878962584
24/05/2002 11:56:00.016000,-5633407.545781233,-17159594.60825837,19909523.04514758
24/05/2002 11:56:30.015999,-5562618.011148557,-17139423.165380333,19946817.481763896
24/05/2002 11:57:00.016000,-5491664.282965753,-17119327.324311875,19983743.501863964
24/05/2002 11:57:30.015999,-5420547.665306374,-17099308.076928344,20020300.42506236
24/05/2002 11:58:00.016000,-5349269.468717714,-17079366.40812086,20056487.57754692
24/05/2002 11:58:30.015999,-5277831.010174609,-17059503.295755472,20092304.292089634
24/05/2002 11:59:00.016000,-5206233.613033834,-17039719.71063227,20127749.908057578
24/05/2002 11:59:30.015999,-5134478.606987372,-17020016.616445094,20162823.771423675
24/05/2002 12:00:00.016000,-5062567.328015292,-17000394.96974162,20197525.234777376
24/05/2002 12:00:30.015999,-4990501.118339523,-16980855.719883345,20231853.657335304
24/05/2002 12:01:00.016000,-4918281.326376336,-16961399.80900622,20265808.40495171
24/05/2002 12:01:30.015999,-4845909.306688463,-16942028.171981618,20299388.85012895
24/05/2002 12:02:00.016000,-4773386.419938191,-16922741.73637721,20332594.37202778
24/05/2002 12:02:30.015999,-4700714.133521008,-16903541.43055928,20365424.326527167
24/05/2002 12:03:00.016000,-4627893.518107231,-16884428.14295109,20397878.195986677
24/05/2002 12:03:30.015999,-4554926.254414078,-16865402.80340159,20429955.28975202
24/05/2002 12:04:00.016000,-4481813.626336725,-16846466.301741097,20461655.04366957
24/05/2002 12:04:30.015999,-4408557.024309641,-16827619.52844733,20492976.87034391
24/05/2002 12:05:00.016000,-4335157.844574991,-16808863.366467856,20523920.18909814
24/05/2002 12:05:30.015999,-4261617.489133982,-16790198.691183195,20554484.425983526
24/05/2002 12:06:00.016000,-4187937.365697054,-16771626.37037055,20584669.013789106
24/05/2002 12:06:30.015999,-4114118.8876335816,-16753147.264167855,20614473.39205124
24/05/2002 12:07:00.016000,-4040163.473922661,-16734762.225037808,20643897.00706297
24/05/2002 12:07:30.015999,-3966072.549102573,-16716472.09773262,20672939.311883382
24/05/2002 12:08:00.016000,-3891847.54321982,-16698277.719258921,20701599.766346846
24/05/2002 12:08:30.015999,-3817489.891779333,-16680179.918842886,20729877.8370721
24/05/2002 12:09:00.016000,-3743001.0356930387,-16662179.517895838,20757772.99747142
24/05/2002 12:09:30.015999,-3668382.421228593,-16644277.329980189,20785284.727759413
24/05/2002 12:10:00.016000,-3593635.499958626,-16626474.160775524,20812412.51496207
24/05/2002 12:10:30.015999,-3518761.728708892,-16608770.808045162,20839155.852925383
24/05/2002 12:11:00.016000,-3443762.5695062093,-16591168.061603136,20865514.242324114
24/05/2002 12:11:30.015999,-3368639.489527195,-16573666.703281196,20891487.19067033
24/05/2002 12:12:00.016000,-3293393.9610457625,-16556267.506896425,20917074.21232197
24/05/2002 12:12:30.015999,-3218027.4613802987,-16538971.238219168,20942274.828491207
24/05/2002 12:13:00.016000,-3142541.4728420624,-16521778.654941054,20967088.567252718
24/05/2002 12:13:30.015999,-3066937.4826818,-16504690.506643616,20991514.963552
24/05/2002 12:14:00.016000,-2991216.983036672,-16487707.53476721,21015553.559213392
24/05/2002 12:14:30.015999,-2915381.470877501,-16470830.472580057,21039203.9029482
24/05/2002 12:15:00.016000,-2839432.447955449,-16454060.045147892,21062465.550362576
24/05/2002 12:15:30.016999,-2763371.420747731,-16437396.969303863,21085338.063965388
24/05/2002 12:16:00.017000,-2687199.900404939,-16420841.953618623,21107821.01317596
24/05/2002 12:16:30.016999,-2610919.4026963515,-16404395.698371017,21129913.97433176
24/05/2002 12:17:00.017000,-2534531.44795636,-16388058.895518897,21151616.53069592
24/05/2002 12:17:30.016999,-2458037.5610293397,-16371832.228670478,21172928.272464763
24/05/2002 12:18:00.017000,-2381439.2712162337,-16355716.373055784,21193848.79677514
24/05/2002 12:18:30.016999,-2304738.112219414,-16339711.99549871,21214377.70771173
24/05/2002 12:19:00.017000,-2227935.6220873343,-16323819.754389275,21234514.616314236
24/05/2002 12:19:30.016999,-2151033.343160495,-16308040.299656244,21254259.14058448
24/05/2002 12:20:00.017000,-2074032.8220156843,-16292374.272740103,21273610.905493405
24/05/2002 12:20:30.016999,-1996935.6094104603,-16276822.306566466,21292569.542987972
24/05/2002 12:21:00.017000,-1919743.2602281254,-16261385.0255197,21311134.691997994
24/05/2002 12:21:30.016999,-1842457.3334217982,-16246063.04541699,21329305.99844287
24/05/2002 12:22:00.017000,-1765079.3919582074,-16230856.973482775,21347083.115238152
24/05/2002 12:22:30.016999,-1687611.0027623514,-16215767.40832342,21364465.70230214
24/05/2002 12:23:00.017000,-1610053.7366608847,-16200794.939902406,21381453.426562276
24/05/2002 12:23:30.016999,-1532409.1683255371,-16185940.149515783,21398045.961961515
24/05/2002 12:24:00.017000,-1454678.876217148,-16171203.609767962,21414242.989464555
24/05/2002 12:24:30.016999,-1376864.4425288206,-16156585.884547908,21430044.197064005
24/05/2002 12:25:00.017000,-1298967.4531286552,-16142087.529005757,21445449.279786393
24/05/2002 12:25:30.016999,-1220989.4975034858,-16127709.089529604,21460457.939698208
24/05/2002 12:26:00.017000,-1142932.1687014182,-16113451.103722874,21475069.88591169
24/05/2002 12:26:30.016999,-1064797.0632742268,-16099314.100381909,21489284.834590632
24/05/2002 12:27:00.017000,-986585.781220564,-16085298.59947397,21503102.508956075
24/05/2002 12:27:30.016999,-908299.9259281331,-16071405.112115575,21516522.639291845
24/05/2002 12:28:00.017000,-829941.1041156616,-16057634.140551321,21529544.962950073
24/05/2002 12:28:30.016999,-751510.9257756722,-16043986.17813284,21542169.224356543
24/05/2002 12:29:00.017000,-673011.0041160266,-16030461.709298356,21554395.17501603
24/05/2002 12:29:30.016999,-594442.955502106,-16017061.209552474,21566222.573517445
24/05/2002 12:30:00.017000,-515808.3993981225,-16003785.14544642,21577651.18553899
24/05/2002 12:30:30.016999,-437108.95830936765,-15990633.974558556,21588680.783853095
24/05/2002 12:31:00.017000,-358346.25772334955,-15977608.145475345,21599311.148331366
24/05/2002 12:31:30.016999,-279521.92605091573,-15964708.097772678,21609542.0659494
24/05/2002 12:32:00.017000,-200637.59456805975,-15951934.26199752,21619373.33079146
24/05/2002 12:32:30.016999,-121694.89735676139,-15939287.059650006,21628804.74405512
24/05/2002 12:33:00.017000,-42695.47124558366,-15926766.903165841,21637836.114055768
24/05/2002 12:33:30.016999,36359.044248635204,-15914374.19589912,21646467.256231043
24/05/2002 12:34:00.017000,115467.00698054172,-15902109.332105499,21654697.99314512
24/05/2002 12:34:30.016999,194626.77223578832,-15889972.69692576,21662528.15449298
24/05/2002 12:35:00.017000,273836.6927899654,-15877964.666369746,21669957.577104535
24/05/2002 12:35:30.016999,353095.11896841315,-15866085.607300663,21676986.10494861
24/05/2002 12:36:00.017000,432400.3987062632,-15854335.877419772,21683613.58913694
24/05/2002 12:36:30.016999,511750.8776075616,-15842715.825251458,21689839.887927942
24/05/2002 12:37:00.017000,591144.8990055063,-15831225.790128682,21695664.866730496
24/05/2002 12:37:30.016999,670580.804022781,-15819866.102178793,21701088.39810758
24/05/2002 12:38:00.017000,750056.9316309255,-15808637.082309745,21706110.36177979
24/05/2002 12:38:30.016999,829571.6187108824,-15797539.042196723,21710730.64462879
24/05/2002 12:39:00.017000,909123.200113619,-15786572.284269022,21714949.140700657
24/05/2002 12:39:30.016999,988710.0087198799,-15775737.101697518,21718765.75120912
24/05/2002 12:40:00.017000,1068330.3755008343,-15765033.778382309,21722180.384538714
24/05/2002 12:40:30.016999,1147982.6295791701,-15754462.588940896,21725192.956247818
24/05/2002 12:41:00.017000,1227665.0982888096,-15744023.798696667,21727803.389071606
24/05/2002 12:41:30.016999,1307376.1072363863,-15733717.663667783,21730011.61292488
24/05/2002 12:42:00.017000,1387113.980361495,-15723544.430556474,21731817.564904846
24/05/2002 12:42:30.016999,1466877.039998234,-15713504.336738676,21733221.189293735
24/05/2002 12:43:00.017000,1546663.606935497,-15703597.61025409,21734222.437561374
24/05/2002 12:43:30.016999,1626472.000478142,-15693824.46979666,21734821.268367622
24/05/2002 12:44:00.017000,1706300.5385086602,-15684185.124705289,21735017.6475647
24/05/2002 12:44:30.016999,1786147.5375475434,-15674679.774955185,21734811.548199493
24/05/2002 12:45:00.017000,1866011.3128148573,-15665308.611149384,21734202.95051565
24/05/2002 12:45:30.016999,1945890.1782919792,-15656071.814510697,21733191.841955632
24/05/2002 12:46:00.017000,2025782.4467821734,-15646969.55687421,21731778.217162713
24/05/2002 12:46:30.016999,2105686.4299724596,-15638002.000679964,21729962.07798275
24/05/2002 12:47:00.017000,2185600.4384953775,-15629169.298966087,21727743.43346599
24/05/2002 12:47:30.016999,2265522.781989872,-15620471.595362453,21725122.29986868
24/05/2002 12:48:00.017000,2345451.7691632095,-15611909.02408453,21722098.700654626
24/05/2002 12:48:30.016999,2425385.707853002,-15603481.70992772,21718672.66649665
24/05/2002 12:49:00.017000,2505322.905088244,-15595189.768262122,21714844.23527788
24/05/2002 12:49:30.016999,2585261.667151328,-15587033.30502763,21710613.452093035
24/05/2002 12:50:00.017000,2665200.2996401885,-15579012.416729383,21705980.369249567
24/05/2002 12:50:30.016999,2745137.1075296067,-15571127.190433776,21700945.04626865
24/05/2002 12:51:00.017000,2825070.395233151,-15563377.70376465,21695507.549886145
24/05/2002 12:51:30.016999,2904998.466665688,-15555764.02490002,21689667.95405346
24/05/2002 12:52:00.017000,2984919.625304453,-15548286.212569168,21683426.339938216
24/05/2002 12:52:30.016999,3064832.174251591,-15540944.316050097,21676782.795924902
24/05/2002 12:53:00.017000,3144734.41629627,-15533738.375167364,21669737.417615425
24/05/2002 12:53:30.016999,3224624.653976175,-15526668.420290409,21662290.30782949
24/05/2002 12:54:00.017000,3304501.189639944,-15519734.472332193,21654441.576604936
24/05/2002 12:54:30.016999,3384362.3255095202,-15512936.542748155,21646191.341197956
24/05/2002 12:55:00.017000,3464206.3637416326,-15506274.63353581,21637539.726083197
24/05/2002 12:55:30.018000,3544031.606490353,-15499748.737234468,21628486.862953786
24/05/2002 12:56:00.018000,3623836.355969113,-15493358.836925551,21619032.890721194
24/05/2002 12:56:30.018000,3703618.9145131195,-15487104.90623311,21609177.955515105
24/05/2002 12:57:00.018000,3783377.584641113,-15480986.909324996,21598922.21068304
24/05/2002 12:57:30.018000,3863110.6691177334,-15475004.800914193,21588265.81679
24/05/2002 12:58:00.018000,3942816.47101607,-15469158.526260583,21577208.94161793
24/05/2002 12:58:30.018000,4022493.2937792274,-15463448.021173326,21565751.76016513
24/05/2002 12:59:00.018000,4102139.441282878,-15457873.212013327,21553894.454645474
24/05/2002 12:59:30.018000,4181753.217897784,-15452434.015696218,21541637.214487676
24/05/2002 13:00:00.018000,4261332.816773366,-15447130.38834044,21528980.25138114
24/05/2002 13:00:30.018000,4340876.766404388,-15441962.133055957,21515923.743363235
24/05/2002 13:01:00.018000,4420383.2618865175,-15436929.184697812,21502467.91226882
24/05/2002 13:01:30.018000,4499850.610191485,-15432031.422437297,21488612.976373326
24/05/2002 13:02:00.018000,4579277.119096815,-15427268.716021473,21474359.161161285
24/05/2002 13:02:30.018000,4658661.097248126,-15422640.925778452,21459706.699324857
24/05/2002 13:03:00.018000,4738000.8542209035,-15418147.902623365,21444655.83076225
24/05/2002 13:03:30.018000,4817294.700582666,-15413789.488064472,21429206.802576087
24/05/2002 13:04:00.018000,4896540.947955635,-15409565.514209589,21413359.869071655
24/05/2002 13:04:30.018000,4975737.9090779945,-15405475.803773269,21397115.29175493
24/05/2002 13:05:00.018000,5054883.89786646,-15401520.17008408,21380473.3393307
24/05/2002 13:05:30.018000,5133977.229478487,-15397698.417092215,21363434.28770038
24/05/2002 13:06:00.018000,5213016.220373744,-15394010.339377897,21345998.41995988
24/05/2002 13:06:30.018000,5291999.188376284,-15390455.722159814,21328166.026397265
24/05/2002 13:07:00.018000,5370924.45273698,-15387034.341303926,21309937.404490344
24/05/2002 13:07:30.018000,5449790.334194672,-15383745.96333304,21291312.85890414
24/05/2002 13:08:00.018000,5528595.155038442,-15380590.345436402,21272292.701488283
24/05/2002 13:08:30.018000,5607337.239169366,-15377567.23547989,21252877.251274265
24/05/2002 13:09:00.018000,5686014.912162548,-15374676.37201639,21233066.834472585
24/05/2002 13:09:30.018000,5764626.501328358,-15371917.48429694,21212861.784469817
24/05/2002 13:10:00.018000,5843170.335774355,-15369290.292281922,21192262.441825524
24/05/2002 13:10:30.018000,5921644.74646738,-15366794.506652657,21171269.154269103
24/05/2002 13:11:00.018000,6000048.066294225,-15364429.828823725,21149882.27669654
24/05/2002 13:11:30.018000,6078378.63012388,-15362195.950955382,21128102.171166945
24/05/2002 13:12:00.018000,6156634.774868899,-15360092.555966256,21105929.206899136
24/05/2002 13:12:30.018000,6234814.839546531,-15358119.317546926,21083363.760268025
24/05/2002 13:13:00.018000,6312917.165340166,-15356275.900173446,21060406.21480084
24/05/2002 13:13:30.018000,6390940.095661107,-15354561.959121292,21037056.961173393
24/05/2002 13:14:00.018000,6468881.9762089355,-15352977.140480053,21013316.397206105
24/05/2002 13:14:30.018000,6546741.155033235,-15351521.081168165,20989184.927859943
24/05/2002 13:15:00.018000,6624515.982594838,-15350193.408948021,20964662.96523232
24/05/2002 13:15:30.018000,6702204.811826109,-15348993.742441861,20939750.92855282
24/05/2002 13:16:00.018000,6779805.998192449,-15347921.69114765,20914449.244178787
24/05/2002 13:16:30.018000,6857317.899753265,-15346976.855455356,20888758.345590923
24/05/2002 13:17:00.018000,6934738.8772221375,-15346158.826664003,20862678.673388623
24/05/2002 13:17:30.018000,7012067.294027829,-15345467.18699877,20836210.675285317
24/05/2002 13:18:00.018000,7089301.516375221,-15344901.509628398,20809354.80610366
24/05/2002 13:18:30.018000,7166439.913305236,-15344461.358683417,20782111.52777058
24/05/2002 13:19:00.018000,7243480.856755453,-15344146.289274374,20754481.309312265
24/05/2002 13:19:30.018000,7320422.721620849,-15343955.847510455,20726464.626849025
24/05/2002 13:20:00.018000,7397263.885813359,-15343889.570518851,20698061.96359003
24/05/2002 13:20:30.018000,7474002.730322356,-15343946.986464176,20669273.809827924
24/05/2002 13:21:00.018000,7550637.63927495,-15344127.614568174,20640100.662933387
24/05/2002 13:21:30.018000,7627166.999995383,-15344430.965130324,20610543.027349506
24/05/2002 13:22:00.018000,7703589.203065159,-15344856.539548311,20580601.414586093
24/05/2002 13:22:30.018000,7779902.64238261,-15345403.830339173,20550276.343213867
24/05/2002 13:23:00.018000,7856105.715223002,-15346072.321160516,20519568.338858526
24/05/2002 13:23:30.018000,7932196.8222973,-15346861.486832663,20488477.934194703
24/05/2002 13:24:00.018000,8008174.367811837,-15347770.793360712,20457005.668939814
24/05/2002 13:24:30.018000,8084036.7595281275,-15348799.697956901,20425152.08984779
24/05/2002 13:25:00.018000,8159782.408821093,-15349947.649063967,20392917.750702746
24/05/2002 13:25:30.018000,8235409.730738575,-15351214.086378291,20360303.212312408
24/05/2002 13:26:00.018000,8310917.144060612,-15352598.440873416,20327309.042501573
24/05/2002 13:26:30.018000,8386303.071357362,-15354100.134824565,20293935.816105366
24/05/2002 13:27:00.018000,8461565.93904837,-15355718.581832876,20260184.114962403
24/05/2002 13:27:30.018000,8536704.17746115,-15357453.186850158,20226054.527907893
24/05/2002 13:28:00.018000,8611716.220889103,-15359303.346204402,20191547.650766496
24/05/2002 13:28:30.018000,8686600.507650036,-15361268.447625259,20156664.08634522
24/05/2002 13:29:00.018000,8761355.480144605,-15363347.870269831,20121404.444426116
24/05/2002 13:29:30.018000,8835979.584913602,-15365540.98474941,20085769.341758873
24/05/2002 13:30:00.018000,8910471.272696257,-15367847.153155988,20049759.402053278
24/05/2002 13:30:30.018000,8984828.998488067,-15370265.729089232,20013375.25597166
24/05/2002 13:31:00.018000,9059051.221597876,-15372796.057684276,19976617.54112103
24/05/2002 13:31:30.018000,9133136.405705461,-15375437.475639442,19939486.902045332
24/05/2002 13:32:00.018000,9207083.018919192,-15378189.311244205,19901983.990217406
24/05/2002 13:32:30.018000,9280889.53383242,-15381050.884408226,19864109.46403091
24/05/2002 13:33:00.018000,9354554.427580807,-15384021.506690066,19825863.98879212
24/05/2002 13:33:30.018000,9428076.181899354,-15387100.48132635,19787248.236711606
24/05/2002 13:34:00.018000,9501453.28317843,-15390287.103261814,19748262.886895776
24/05/2002 13:34:30.018000,9574684.222520646,-15393580.659179142,19708908.625338368
24/05/2002 13:35:00.018000,9647767.495796919,-15396980.427529488,19669186.144911714
24/05/2002 13:35:30.018000,9720701.603703005,-15400485.67856301,19629096.145358063
24/05/2002 13:36:00.019000,9793485.051814958,-15404095.674360406,19588639.333280534
24/05/2002 13:36:30.018999,9866116.35064506,-15407809.668864233,19547816.422134195
24/05/2002 13:37:00.019000,9938594.01569778,-15411626.907910563,19506628.132216938
24/05/2002 13:37:30.018999,10010916.567524698,-15415546.62926165,19465075.190660175
24/05/2002 13:38:00.019000,10083082.531779949,-15419568.062638275,19423158.331419483
24/05/2002 13:38:30.018999,10155090.439275727,-15423690.42975251,19380878.295265127
24/05/2002 13:39:00.019000,10226938.826036418,-15427912.944341425,19338235.829772465
24/05/2002 13:39:30.018999,10298626.23335374,-15432234.812200565,19295231.689312212
24/05/2002 13:40:00.019000,10370151.207841491,-15436655.231217729,19251866.635040633
24/05/2002 13:40:30.018999,10441512.301489322,-15441173.39140775,19208141.43488954
24/05/2002 13:41:00.019000,10512708.071717191,-15445788.474947032,19164056.863556247
24/05/2002 13:41:30.018999,10583737.081429614,-15450499.656208389,19119613.70249337
24/05/2002 13:42:00.019000,10654597.899068689,-15455306.101796895,19074812.73989857
24/05/2002 13:42:30.018999,10725289.098668156,-15460206.970585454,19029654.770704005
24/05/2002 13:43:00.019000,10795809.259906827,-15465201.413750682,18984140.596565943
24/05/2002 13:43:30.018999,10866156.968161384,-15470288.574809806,18938271.02585395
24/05/2002 13:44:00.019000,10936330.814559355,-15475467.589657286,18892046.873640206
24/05/2002 13:44:30.018999,11006329.396032404,-15480737.586601684,18845468.961688574
24/05/2002 13:45:00.019000,11076151.315368036,-15486097.686403692,18798538.11844358
24/05/2002 13:45:30.018999,11145795.181262331,-15491547.002313657,18751255.179019265
24/05/2002 13:46:00.019000,11215259.608372435,-15497084.640109602,18703620.985187918
24/05/2002 13:46:30.018999,11284543.217367597,-15502709.69813616,18655636.385368768
24/05/2002 13:47:00.019000,11353644.634981338,-15508421.267343214,18607302.2346164
24/05/2002 13:47:30.018999,11422562.494063137,-15514218.431324845,18558619.39460918
24/05/2002 13:48:00.019000,11491295.433629068,-15520100.266359346,18509588.733637527
24/05/2002 13:48:30.018999,11559842.098913148,-15526065.841448767,18460211.12659207
24/05/2002 13:49:00.019000,11628201.141417965,-15532114.218359213,18410487.4549516
24/05/2002 13:49:30.018999,11696371.218965678,-15538244.451661147,18360418.60677107
24/05/2002 13:50:00.019000,11764350.995747512,-15544455.588770632,18310005.476669338
24/05/2002 13:50:30.018999,11832139.142374398,-15550746.669990337,18259248.965816826
24/05/2002 13:51:00.019000,11899734.335926993,-15557116.728550747,18208149.98192306
24/05/2002 13:51:30.018999,11967135.26000461,-15563564.790652545,18156709.439224157
24/05/2002 13:52:00.019000,12034340.604775088,-15570089.875508467,18104928.258470006
24/05/2002 13:52:30.018999,12101349.067024015,-15576690.995385585,18052807.366911598
24/05/2002 13:53:00.019000,12168159.350203091,-15583367.15564857,18000347.698288
24/05/2002 13:53:30.018999,12234770.164479127,-15590117.35480261,17947550.192813303
24/05/2002 13:54:00.019000,12301180.22678266,-15596940.584536519,17894415.797163453
24/05/2002 13:54:30.018999,12367388.260855459,-15603835.829767086,17840945.464462996
24/05/2002 13:55:00.019000,12433392.997298736,-15610802.068682862,17787140.154271588
24/05/2002 13:55:30.018999,12499193.173621189,-15617838.27278825,17733000.83257048
24/05/2002 13:56:00.019000,12564787.534285577,-15624943.406948786,17678528.4717489
24/05/2002 13:56:30.018999,12630174.830756322,-15632116.429435827,17623724.05059017
24/05/2002 13:57:00.019000,12695353.821546506,-15639356.291971661,17568588.554257937
24/05/2002 13:57:30.018999,12760323.272263996,-15646661.93977561,17513122.974282008
24/05/2002 13:58:00.019000,12825081.955658022,-15654032.31160973,17457328.308544282
24/05/2002 13:58:30.018999,12889628.65166552,-15661466.339824747,17401205.561264463
24/05/2002 13:59:00.019000,12953962.147456286,-15668962.950407181,17344755.742985696
24/05/2002 13:59:30.018999,13018081.237478927,-15676521.063025858,17287979.87055997
24/05/2002 14:00:00.019000,13081984.723506346,-15684139.59107881,17230878.967133578
24/05/2002 14:00:30.018999,13145671.414680071,-15691817.441741232,17173454.062132288
24/05/2002 14:01:00.019000,13209140.127555352,-15699553.516012896,17115706.191246554
24/05/2002 14:01:30.018999,13272389.6861455,-15707346.708766278,17057636.396416385
24/05/2002 14:02:00.019000,13335418.921966376,-15715195.908794573,16999245.725816295
24/05/2002 14:02:30.018999,13398226.6740795,-15723099.998860858,16940535.233840115
24/05/2002 14:03:00.019000,13460811.789136158,-15731057.855746662,16881505.981085498
24/05/2002 14:03:30.018999,13523173.121420877,-15739068.350300903,16822159.03433851
24/05/2002 14:04:00.019000,13585309.532893755,-15747130.347489925,16762495.466558011
24/05/2002 14:04:30.018999,13647219.893233571,-15755242.706446953,16702516.35685991
24/05/2002 14:05:00.019000,13708903.07988055,-15763404.28052183,16642222.790501248
24/05/2002 14:05:30.018999,13770357.978077728,-15771613.917331953,16581615.85886432
24/05/2002 14:06:00.019000,13831583.48091315,-15779870.458812527,16520696.659440532
24/05/2002 14:06:30.018999,13892578.489361785,-15788172.741267174,16459466.295814104
24/05/2002 14:07:00.019000,13953341.912325997,-15796519.595419642,16397925.877645845
24/05/2002 14:07:30.018999,14013872.666676894,-15804909.84646494,16336076.52065657
24/05/2002 14:08:00.019000,14074169.677295242,-15813342.314120747,16273919.346610578
24/05/2002 14:08:30.018999,14134231.877111116,-15821815.81267991,16211455.483298864
24/05/2002 14:09:00.019000,14194058.207144247,-15830329.151062433,16148686.06452236
24/05/2002 14:09:30.018999,14253647.616544059,-15838881.132867597,16085612.23007491
24/05/2002 14:10:00.019000,14312999.06262841,-15847470.556427393,16022235.125726208
24/05/2002 14:10:30.018999,14372111.510922989,-15856096.214859165,15958555.903204577
24/05/2002 14:11:00.019000,14430983.935200406,-15864756.896118604,15894575.72017964
24/05/2002 14:11:30.018999,14489615.317517992,-15873451.383053888,15830295.740244849
24/05/2002 14:12:00.019000,14548004.648256263,-15882178.453459162,15765717.132899934
24/05/2002 14:12:30.018999,14606150.92615705,-15890936.880128251,15700841.073533177
24/05/2002 14:13:00.019000,14664053.158360295,-15899725.43090962,15635668.743403621
24/05/2002 14:13:30.018999,14721710.36044176,-15908542.868760405,15570201.329623036
24/05/2002 14:14:00.019000,14779121.556449523,-15917387.951801492,15504440.025137939
24/05/2002 14:14:30.018999,14836285.778941011,-15926259.433372099,15438386.028711362
24/05/2002 14:15:00.019000,14893202.069018507,-15935156.062085655,15372040.54490452
24/05/2002 14:15:30.018999,14949869.476365305,-15944076.581885044,15305404.784058383
24/05/2002 14:16:00.019000,15006287.05928163,-15953019.732098006,15238479.962275106
24/05/2002 14:16:30.019999,15062453.88471908,-15961984.24749379,15171267.301399348
24/05/2002 14:17:00.020000,15118369.028315887,-15970968.858339023,15103768.028999425
24/05/2002 14:17:30.019999,15174031.574431697,-15979972.290453909,15035983.378348462
24/05/2002 14:18:00.020000,15229440.616181165,-15988993.265269483,14967914.588405201
24/05/2002 14:18:30.019999,15284595.255468022,-15998030.499884266,14899562.903794955
24/05/2002 14:19:00.020000,15339494.60301902,-16007082.707121054,14830929.57479019
24/05/2002 14:19:30.019999,15394137.778416313,-16016148.595584953,14762015.857291177
24/05/2002 14:20:00.020000,15448523.91013066,-16025226.86972063,14692823.01280641
24/05/2002 14:20:30.019999,15502652.135554193,-16034316.229869768,14623352.308432898
24/05/2002 14:21:00.020000,15556521.601031877,-16043415.372329827,14553605.016836448
24/05/2002 14:21:30.019999,15610131.461893566,-16052522.989411857,14483582.416231662
24/05/2002 14:22:00.020000,15663480.8824858,-16061637.769498685,14413285.790361939
24/05/2002 14:22:30.019999,15716569.03620217,-16070758.397104245,14342716.428479297
24/05/2002 14:23:00.020000,15769395.105514327,-16079883.552932065,14271875.625324078
24/05/2002 14:23:30.019999,15821958.282002702,-16089011.913934069,14200764.681104552
24/05/2002 14:24:00.020000,15874257.76638581,-16098142.153370498,14129384.901476355
24/05/2002 14:24:30.019999,15926292.768550193,-16107272.940869056,14057737.597521838
24/05/2002 14:25:00.020000,15978062.507580046,-16116402.942484291,13985824.085729312
24/05/2002 14:25:30.019999,16029566.211785456,-16125530.820758117,13913645.687972115
24/05/2002 14:26:00.020000,16080803.118731245,-16134655.234779563,13841203.731487608
24/05/2002 14:26:30.019999,16131772.47526551,-16143774.840244688,13768499.548855979
24/05/2002 14:27:00.020000,16182473.53754678,-16152888.289517744,13695534.477979021
24/05/2002 14:27:30.019999,16232905.571071828,-16161994.231691342,13622309.862058744
24/05/2002 14:28:00.020000,16283067.850702588,-16171091.312647548,13548827.049575808
24/05/2002 14:28:30.019999,16332959.660693308,-16180178.175118376,13475087.394267924
24/05/2002 14:29:00.020000,16382580.294716138,-16189253.458747718,13401092.255108083
24/05/2002 14:29:30.019999,16431929.055887489,-16198315.800152374,13326842.99628265
24/05/2002 14:30:00.020000,16481005.256793933,-16207363.832983226,13252340.987169417
24/05/2002 14:30:30.019999,16529808.219516672,-16216396.187987642,13177587.602315398
24/05/2002 14:31:00.020000,16578337.27565679,-16225411.49307108,13102584.22141466
24/05/2002 14:31:30.019999,16626591.766359998,-16234408.37335873,13027332.229285883
24/05/2002 14:32:00.020000,16674571.04234,-16243385.451258488,12951833.01584991
24/05/2002 14:32:30.019999,16722274.463902526,-16252341.34652294,12876087.976107115
24/05/2002 14:33:00.020000,16769701.40096901,-16261274.676311638,12800098.510114683
24/05/2002 14:33:30.019999,16816851.233098768,-16270184.055254443,12723866.022963746
24/05/2002 14:34:00.020000,16863723.349511895,-16279068.095514055,12647391.924756393
24/05/2002 14:34:30.019999,16910317.14911176,-16287925.406848695,12570677.630582582
24/05/2002 14:35:00.020000,16956632.040506072,-16296754.596675953,12493724.560496936
24/05/2002 14:35:30.019999,17002667.44202858,-16305554.270135783,12416534.139495356
24/05/2002 14:36:00.020000,17048422.7817604,-16314323.030153573,12339107.797491604
24/05/2002 14:36:30.019999,17093897.497549877,-16323059.477504482,12261446.969293732
24/05/2002 14:37:00.020000,17139091.037033174,-16331762.210876845,12183553.09458033
24/05/2002 14:37:30.019999,17184002.857654378,-16340429.826935649,12105427.617876729
24/05/2002 14:38:00.020000,17228632.42668423,-16349060.920387316,12027071.988531055
24/05/2002 14:38:30.019999,17272979.221239455,-16357654.084043493,11948487.660690177
24/05/2002 14:39:00.020000,17317042.72830171,-16366207.908884935,11869676.09327554
24/05/2002 14:39:30.019999,17360822.444735155,-16374720.984126685,11790638.749958808
24/05/2002 14:40:00.020000,17404317.87730467,-16383191.897282079,11711377.099137457
24/05/2002 14:40:30.019999,17447528.54269301,-16391619.234227693,11631892.613910321
24/05/2002 14:41:00.020000,17490453.967518367,-16400001.579267608,11552186.772052806
24/05/2002 14:41:30.019999,17533093.68835019,-16408337.515199022,11472261.055992188
24/05/2002 14:42:00.020000,17575447.251725752,-16416625.623376932,11392116.952782705
24/05/2002 14:42:30.019999,17617514.21416634,-16424864.483778857,11311755.954080537
24/05/2002 14:43:00.020000,17659294.1421919,-16433052.675070787,11231179.556118626
24/05/2002 14:43:30.019999,17700786.612336367,-16441188.774672229,11150389.259681536
24/05/2002 14:44:00.020000,17741991.21116264,-16449271.35882114,11069386.570079932
24/05/2002 14:44:30.019999,17782907.53527595,-16457299.00264037,10988172.99712524
24/05/2002 14:45:00.020000,17823535.19133807,-16465270.280202804,10906750.055103933
24/05/2002 14:45:30.019999,17863873.796080988,-16473183.764596779,10825119.26275185
24/05/2002 14:46:00.020000,17903922.97631904,-16481038.02799267,10743282.14322839
24/05/2002 14:46:30.019999,17943682.368961923,-16488831.641708378,10661240.224090476
24/05/2002 14:47:00.020000,17983151.62102708,-16496563.176275024,10578995.037266538
24/05/2002 14:47:30.019999,18022330.389650673,-16504231.201503742,10496548.119030317
24/05/2002 14:48:00.020000,18061218.342099264,-16511834.286551496,10413901.009974528
24/05/2002 14:48:30.019999,18099815.15578101,-16519370.999986961,10331055.254984483
24/05/2002 14:49:00.020000,18138120.518255387,-16526839.909857582,10248012.403211508
24/05/2002 14:49:30.019999,18176134.12724361,-16534239.583755618,10164774.00804632
24/05/2002 14:50:00.020000,18213855.690638505,-16541568.58888421,10081341.627092253
24/05/2002 14:50:30.019999,18251284.926513147,-16548825.492124705,9997716.822138349
24/05/2002 14:51:00.020000,18288421.563129827,-16556008.860102879,9913901.159132412
24/05/2002 14:51:30.019999,18325265.33894889,-16563117.259255188,9829896.208153807
24/05/2002 14:52:00.020000,18361816.00263584,-16570149.255896287,9745703.543386342
24/05/2002 14:52:30.019999,18398073.3130693,-16577103.416285437,9661324.74309083
24/05/2002 14:53:00.020000,18434037.039348353,-16583978.306692952,9576761.389577731
24/05/2002 14:53:30.019999,18469706.960798632,-16590772.493467813,9492015.06917944
24/05/2002 14:54:00.020000,18505082.866978887,-16597484.543104172,9407087.372222783
24/05/2002 14:54:30.019999,18540164.557686653,-16604113.022308508,9321979.89300108
24/05/2002 14:55:00.020000,18574951.842964094,-16610656.498066196,9236694.229746299
24/05/2002 14:55:30.019999,18609444.54310222,-16617113.537709296,9151231.984601052
24/05/2002 14:56:00.020000,18643642.48864584,-16623482.70898332,9065594.763590423
24/05/2002 14:56:30.021000,18677545.52039802,-16629762.580113925,8979784.176593734
24/05/2002 14:57:00.021000,18711153.48942295,-16635951.719874866,8893801.837316222
24/05/2002 14:57:30.021000,18744466.257049732,-16642048.697654841,8807649.363260565
24/05/2002 14:58:00.021000,18777483.69487542,-16648052.083524253,8721328.375698255
24/05/2002 14:58:30.021000,18810205.684766766,-16653960.448303286,8634840.499640986
24/05/2002 14:59:00.021000,18842632.118862536,-16659772.363628756,8548187.363811838
24/05/2002 14:59:30.021000,18874762.899575427,-16665486.402020968,8461370.600616321
24/05/2002 15:00:00.021000,18906597.581839472,-16671101.35008222,8374392.272611366
24/05/2002 15:00:30.021000,18938136.812312048,-16676615.346930737,8287253.1527043525
24/05/2002 15:01:00.021000,18969380.158365186,-16682027.190243741,8199955.32427133
24/05/2002 15:01:30.021000,19000327.563506965,-16687335.456754902,8112500.434163603
24/05/2002 15:02:00.021000,19030978.981520284,-16692538.724418389,8024890.132768851
24/05/2002 15:02:30.021000,19061334.376462255,-16697635.572475754,7937126.073981545
24/05/2002 15:03:00.021000,19091393.722661935,-16702624.581524076,7849209.915173296
24/05/2002 15:03:30.021000,19121157.004718777,-16707504.333582843,7761143.317163095
24/05/2002 15:04:00.021000,19150624.217500716,-16712273.412160857,7672927.9441874195
24/05/2002 15:04:30.021000,19179795.366140567,-16716930.402324287,7584565.46387029
24/05/2002 15:05:00.021000,19208670.46603328,-16721473.890763562,7496057.547193114
24/05/2002 15:05:30.021000,19237249.54283259,-16725902.465860182,7407405.868464564
24/05/2002 15:06:00.021000,19265532.632446244,-16730214.71775476,7318612.105290226
24/05/2002 15:06:30.021000,19293519.78103197,-16734409.238413705,7229677.93854225
24/05/2002 15:07:00.021000,19321211.044992283,-16738484.621696593,7140605.052328782
24/05/2002 15:07:30.021000,19348606.490969587,-16742439.46342284,7051395.133963437
24/05/2002 15:08:00.021000,19375706.195839662,-16746272.361439561,6962049.873934494
24/05/2002 15:08:30.021000,19402510.246705752,-16749981.91568827,6872570.9658741625
24/05/2002 15:09:00.021000,19429018.740892258,-16753566.728271462,6782960.106527587
24/05/2002 15:09:30.021000,19455231.78593686,-16757025.403520463,6693218.995721944
24/05/2002 15:10:00.021000,19481149.49958341,-16760356.548061898,6603349.336335179
24/05/2002 15:10:30.021000,19506772.009774197,-16763558.770884221,6513352.834264907
24/05/2002 15:11:00.021000,19532099.454640906,-16766630.683405356,6423231.198397013
24/05/2002 15:11:30.021000,19557131.98249606,-16769570.899539074,6332986.140574281
24/05/2002 15:12:00.021000,19581869.75182409,-16772378.03576129,6242619.375564858
24/05/2002 15:12:30.021000,19606312.931270935,-16775050.711177565,6152132.621030598
24/05/2002 15:13:00.021000,19630461.69963417,-16777587.54758931,6061527.597495424
24/05/2002 15:13:30.021000,19654316.24585285,-16779987.169559874,5970806.02831343
24/05/2002 15:14:00.021000,19677876.76899569,-16782248.204481848,5879969.639637015
24/05/2002 15:14:30.021000,19701143.478250016,-16784369.28264305,5789020.160384865
24/05/2002 15:15:00.021000,19724116.592910174,-16786349.037292436,5697959.322209853
24/05/2002 15:15:30.021000,19746796.34236452,-16788186.104707126,5606788.859466809
24/05/2002 15:16:00.021000,19769182.966083013,-16789879.12425818,5515510.509180241
24/05/2002 15:16:30.021000,19791276.71360435,-16791426.738476228,5424126.011011933
24/05/2002 15:17:00.021000,19813077.8445216,-16792827.59311831,5332637.107228476
24/05/2002 15:17:30.021000,19834586.62846857,-16794080.33723332,5241045.542668663
24/05/2002 15:18:00.021000,19855803.34510555,-16795183.623227417,5149353.064710854
24/05/2002 15:18:30.021000,19876728.284103796,-16796136.106930524,5057561.42324013
24/05/2002 15:19:00.021000,19897361.745130517,-16796936.447661396,4965672.370615523
24/05/2002 15:19:30.021000,19917704.037832927,-16797583.30829338,4873687.661636985
24/05/2002 15:20:00.021000,19937755.481822472,-16798075.355319258,4781609.053512403
24/05/2002 15:20:30.021000,19957516.406657428,-16798411.25891736,4689438.305824433
24/05/2002 15:21:00.021000,19976987.15182618,-16798589.693016317,4597177.1804972915
24/05/2002 15:21:30.021000,19996168.06673007,-16798609.335359685,4504827.44176343
24/05/2002 15:22:00.021000,20015059.510664735,-16798468.867571726,4412390.8561301315
24/05/2002 15:22:30.021000,20033661.852802046,-16798166.975221816,4319869.192346034
24/05/2002 15:23:00.021000,20051975.47217172,-16797702.347888675,4227264.221367512
24/05/2002 15:23:30.021000,20070000.75764127,-16797073.67922582,4134577.7163250833
24/05/2002 15:24:00.021000,20087738.10789682,-16796279.667025536,4041811.452489547
24/05/2002 15:24:30.021000,20105187.93142322,-16795319.01328278,3948967.2072382714
24/05/2002 15:25:00.021000,20122350.64648293,-16794190.42426017,3856046.760021162
24/05/2002 15:25:30.021000,20139226.681095388,-16792892.610551614,3763051.892326719
24/05/2002 15:26:00.021000,20155816.47301594,-16791424.287145685,3669984.387647878
24/05/2002 15:26:30.021000,20172120.46971344,-16789784.17349033,3576846.031447899
24/05/2002 15:27:00.021000,20188139.128348235,-16787970.99355594,3483638.611126091
24/05/2002 15:27:30.021000,20203872.915749997,-16785983.475898378,3390363.9159834147
24/05/2002 15:28:00.021000,20219322.30839387,-16783820.353723142,3297023.737188131
24/05/2002 15:28:30.021000,20234487.792377345,-16781480.364948023,3203619.867741246
24/05/2002 15:29:00.021000,20249369.863396704,-16778962.252265655,3110154.102441924
24/05/2002 15:29:30.021000,20263969.02672195,-16776264.763207199,3016628.2378528537
24/05/2002 15:30:00.021000,20278285.7971724,-16773386.65020452,2923044.07226551
24/05/2002 15:30:30.021000,20292320.699091915,-16770326.670652196,2829403.4056652435
24/05/2002 15:31:00.021000,20306074.266322516,-16767083.58697072,2735708.0396964536
24/05/2002 15:31:30.021000,20319547.04217873,-16763656.166668179,2641959.777627636
24/05/2002 15:32:00.021000,20332739.57942157,-16760043.18240172,2548160.424316241
24/05/2002 15:32:30.021000,20345652.440230902,-16756243.412040215,2454311.7861735807
24/05/2002 15:33:00.021000,20358286.19617869,-16752255.638725244,2360415.671129657
24/05/2002 15:33:30.021000,20370641.428201072,-16748078.650932746,2266473.888597799
24/05/2002 15:34:00.021000,20382718.726570684,-16743711.242533684,2172488.249439418
24/05/2002 15:34:30.021000,20394518.690867536,-16739152.212855872,2078460.565928472
24/05/2002 15:35:00.021000,20406041.929950364,-16734400.366744347,1984392.651716002
24/05/2002 15:35:30.021000,20417289.06192767,-16729454.51462158,1890286.3217945925
24/05/2002 15:36:00.022000,20428260.714127295,-16724313.472548727,1796143.3924626913
24/05/2002 15:36:30.021999,20438957.523066577,-16718976.062285382,1701965.6812889166
24/05/2002 15:37:00.022000,20449380.134422176,-16713441.111349162,1607755.007076255
24/05/2002 15:37:30.021999,20459529.202998396,-16707707.453076322,1513513.1898261935
24/05/2002 15:38:00.022000,20469405.392696142,-16701773.926680928,1419242.0507028545
24/05/2002 15:38:30.021999,20479009.37648151,-16695639.377313755,1324943.41199697
24/05/2002 15:39:00.022000,20488341.836352885,-16689302.656122286,1230619.0970898296
24/05/2002 15:39:30.021999,20497403.463308744,-16682762.6203092,1136270.93041717
24/05/2002 15:40:00.022000,20506194.957314953,-16676018.133190587,1041900.7374329717
24/05/2002 15:40:30.021999,20514717.027270745,-16669068.064255336,947510.3445732382
24/05/2002 15:41:00.022000,20522970.39097525,-16661911.289222835,853101.5792196462
24/05/2002 15:41:30.021999,20530955.775093637,-16654546.69010065,758676.2696632335
24/05/2002 15:42:00.022000,20538673.915121898,-16646973.155243006,664236.2450678585
24/05/2002 15:42:30.021999,20546125.55535215,-16639189.579408001,569783.3354338306
24/05/2002 15:43:00.022000,20553311.448837653,-16631194.863814343,475319.3715612187
24/05/2002 15:43:30.021999,20560232.35735636,-16622987.916199299,380846.1850133326
24/05/2002 15:44:00.022000,20566889.05137504,-16614567.650875038,286365.6080800163
24/05/2002 15:44:30.021999,20573282.310013164,-16605932.988784676,191879.4737408702
24/05/2002 15:45:00.022000,20579412.921005238,-16597082.8575595,97389.61562853272
24/05/2002 15:45:30.021999,20585281.680663917,-16588016.19157432,2897.8679917590066
24/05/2002 15:46:00.022000,20590889.393842116,-16578731.932003578,-91593.93434143769
24/05/2002 15:46:30.021999,20596236.873895355,-16569229.026876232,-186083.95600077114
24/05/2002 15:47:00.022000,20601324.942642566,-16559506.431131871,-280570.36111065984
24/05/2002 15:47:30.021999,20606154.430327605,-16549563.106675241,-375051.3133273288
24/05/2002 15:48:00.022000,20610726.175580405,-16539398.022430472,-469524.97587596014
24/05/2002 15:48:30.021999,20615041.02537656,-16529010.154396415,-563989.5115877569
24/05/2002 15:49:00.022000,20619099.834997762,-16518398.485700317,-658443.0829372811
24/05/2002 15:49:30.021999,20622903.467991754,-16507562.006651253,-752883.8520796475
24/05/2002 15:50:00.022000,20626452.796130896,-16496499.714794602,-847309.9808878754
24/05/2002 15:50:30.021999,20629748.699371353,-16485210.614964873,-941719.6309902463
24/05/2002 15:51:00.022000,20632792.065812036,-16473693.719338281,-1036110.9638077421
24/05/2002 15:51:30.021999,20635583.79165196,-16461948.047486374,-1130482.1405914763
24/05/2002 15:52:00.022000,20638124.78114845,-16449972.626428014,-1224831.3224602088
24/05/2002 15:52:30.021999,20640415.94657481,-16437766.490681013,-1319156.6704379218
24/05/2002 15:53:00.022000,20642458.208176766,-16425328.68231498,-1413456.3454913583
24/05/2002 15:53:30.021999,20644252.49412941,-16412658.25100224,-1507728.5085677318
24/05/2002 15:54:00.022000,20645799.740493927,-16399754.254068753,-1601971.3206323767
24/05/2002 15:54:30.021999,20647100.89117284,-16386615.7565459,-1696182.9427064422
24/05/2002 15:55:00.022000,20648156.89786595,-16373241.831220603,-1790361.5359046864
24/05/2002 15:55:30.021999,20648968.720025953,-16359631.558685267,-1884505.2614732694
24/05/2002 15:56:00.022000,20649537.324812625,-16345784.027388591,-1978612.28082759
24/05/2002 15:56:30.021999,20649863.687047735,-16331698.333684849,-2072680.7555901527
24/05/2002 15:57:00.022000,20649948.789169528,-16317373.58188276,-2166708.847628507
24/05/2002 15:57:30.021999,20649793.621185955,-16302808.884295436,-2260694.719093179
24/05/2002 15:58:00.022000,20649399.18062845,-16288003.361288672,-2354636.532455632
24/05/2002 15:58:30.021999,20648766.472505458,-16272956.141328841,-2448532.450546338
24/05/2002 15:59:00.022000,20647896.509254552,-16257666.361031866,-2542380.6365927807
24/05/2002 15:59:30.021999,20646790.31069536,-16242133.165210363,-2636179.254257546
24/05/2002 16:00:00.022000,20645448.903981462,-16226355.70692128,-2729926.4676764584
24/05/2002 16:00:30.021999,20643873.323552653,-16210333.147512428,-2823620.4414966987
24/05/2002 16:01:00.022000,20642064.61108569,-16194064.656670013,-2917259.3409149754
24/05/2002 16:01:30.021999,20640023.815445796,-16177549.412464632,-3010841.331715765
24/05/2002 16:02:00.022000,20637751.99263776,-16160786.601396814,-3104364.5803094557
24/05/2002 16:02:30.021999,20635250.20575576,-16143775.418443581,-3197827.253770713
24/05/2002 16:03:00.022000,20632519.5249338,-16126515.067103416,-3291227.5198766403
24/05/2002 16:03:30.021999,20629561.027295887,-16109004.759440681,-3384563.547145186
24/05/2002 16:04:00.022000,20626375.796904866,-16091243.716131255,-3477833.5048733945
24/05/2002 16:04:30.021999,20622964.924711883,-16073231.16650628,-3571035.5631757807
24/05/2002 16:05:00.022000,20619329.5085056,-16054966.348595671,-3664167.8930227244
24/05/2002 16:05:30.021999,20615470.6528601,-16036448.509172559,-3757228.666278823
24/05/2002 16:06:00.022000,20611389.469083343,-16017676.903795987,-3850216.055741322
24/05/2002 16:06:30.021999,20607087.075165514,-15998650.796853377,-3943128.2351785274
24/05/2002 16:07:00.022000,20602564.595725913,-15979369.461603817,-4035963.3793682614
24/05/2002 16:07:30.021999,20597823.161960583,-15959832.18021971,-4128719.664136333
24/05/2002 16:08:00.022000,20592863.911589634,-15940038.243828043,-4221395.266395008
24/05/2002 16:08:30.021999,20587687.988803267,-15919986.952552667,-4313988.364181467
24/05/2002 16:09:00.022000,20582296.544208515,-15899677.615554724,-4406497.136696391
24/05/2002 16:09:30.021999,20576690.7347756,-15879109.551072897,-4498919.7643423695
24/05/2002 16:10:00.022000,20570871.72378313,-15858282.08646439,-4591254.4287625365
24/05/2002 16:10:30.021999,20564840.680763897,-15837194.558244396,-4683499.312879035
24/05/2002 16:11:00.022000,20558598.781450413,-15815846.312125018,-4775652.600931603
24/05/2002 16:11:30.021999,20552147.207719177,-15794236.703055289,-4867712.478516101
24/05/2002 16:12:00.022000,20545487.14753573,-15772365.095259113,-4959677.132623118
24/05/2002 16:12:30.021999,20538619.794898823,-15750230.862273933,-5051544.751676516
24/05/2002 16:13:00.022000,20531546.34978486,-15727833.386987977,-5143313.525571972
24/05/2002 16:13:30.021999,20524268.018091075,-15705172.061678613,-5234981.6457156055
24/05/2002 16:14:00.022000,20516786.011579365,-15682246.288048945,-5326547.305062571
24/05/2002 16:14:30.021999,20509101.547819838,-15659055.477264116,-5418008.698155591
24/05/2002 21:26:30.030000,16382159.132473232,20873399.60168837,-2406681.20059909
24/05/2002 21:27:00.030000,16380036.810608555,20887310.409849826,-2313606.012426348
24/05/2002 21:27:30.030000,16377742.450411994,20900934.681711733,-2220486.936878953
24/05/2002 21:28:00.030000,16375274.879236214,20914273.039493166,-2127325.746827612
24/05/2002 21:28:30.030000,16372632.929552939,20927326.114579685,-2034124.2153968879
24/05/2002 21:29:00.030000,16369815.439006764,20940094.547488596,-1940884.1159322024
24/05/2002 21:29:30.030000,16366821.250468718,20952578.98783372,-1847607.221966878
24/05/2002 21:30:00.030000,16363649.212090973,20964780.09428883,-1754295.307189271
24/05/2002 21:30:30.030000,16360298.177359957,20976698.53455181,-1660950.1454099275
24/05/2002 21:31:00.030000,16356767.00514923,20988334.9853084,-1567573.5105287419
24/05/2002 21:31:30.030000,16353054.559773397,20999690.13219461,-1474167.1765021628
24/05/2002 21:32:00.030000,16349159.711040562,21010764.669759788,-1380732.9173104842
24/05/2002 21:32:30.030000,16345081.334304443,21021559.301429387,-1287272.5069251528
24/05/2002 21:33:00.030000,16340818.310517525,21032074.739466336,-1193787.7192760503
24/05/2002 21:33:30.030000,16336369.526282819,21042311.704933073,-1100280.3282189418
24/05/2002 21:34:00.030000,16331733.873905146,21052270.927653328,-1006752.1075028718
24/05/2002 21:34:30.030000,16326910.251443632,21061953.146172483,-913204.8307375774
24/05/2002 21:35:00.030000,16321897.562762585,21071359.107718587,-819640.2713610864
24/05/2002 21:35:30.030000,16316694.717582095,21080489.568163127,-726060.2026072058
24/05/2002 21:36:00.030000,16311300.631529741,21089345.29198043,-632466.3974731223
24/05/2002 21:36:30.030000,16305714.226190643,21097927.05220769,-538860.628687037
24/05/2002 21:37:00.030000,16299934.429157322,21106235.630404778,-445244.6686758598
24/05/2002 21:37:30.030000,16293960.174080571,21114271.81661261,-351620.28953291883
24/05/2002 21:38:00.030000,16287790.400718767,21122036.409312263,-257989.26298574402
24/05/2002 21:38:30.030000,16281424.054986836,21129530.215383805,-164353.36036385415
24/05/2002 21:39:00.030000,16274860.089006402,21136754.050063703,-70714.35256665022
24/05/2002 21:39:30.030000,16268097.46115421,21143708.736903008,22925.989968699294
24/05/2002 21:40:00.030000,16261135.13611036,21150395.107725233,116565.89729929074
24/05/2002 21:40:30.030000,16253972.084907532,21156814.002582807,210203.60000847696
24/05/2002 21:41:00.030000,16246607.28497848,21162966.269714486,303837.3292378611
24/05/2002 21:41:30.030000,16239039.720204148,21168852.765501667,397465.3167191438
24/05/2002 21:42:00.030000,16231268.380960591,21174474.35442516,491085.7948060015
24/05/2002 21:42:30.030000,16223292.264167115,21179831.909020446,584696.9965058869
24/05/2002 21:43:00.030000,16215110.37333274,21184926.309833758,678297.1555118083
24/05/2002 21:43:30.030000,16206721.71860247,21189758.445377722,771884.5062339688
24/05/2002 21:44:00.030000,16198125.316804485,21194329.21208584,865457.2838315236
24/05/2002 21:44:30.030000,16189320.191495894,21198639.51426758,959013.7242440538
24/05/2002 21:45:00.030000,16180305.373007942,21202690.264063217,1052552.0642232427
24/05/2002 21:45:30.030000,16171079.898492489,21206482.381397408,1146070.5413642838
24/05/2002 21:46:00.030000,16161642.811966717,21210016.79393339,1239567.3941373879
24/05/2002 21:46:30.030000,16151993.16435758,21213294.43702704,1333040.8619191607
24/05/2002 21:47:00.030000,16142130.01354732,21216316.25367947,1426489.1850239323
24/05/2002 21:47:30.030000,16132052.42441734,21219083.194490492,1519910.604735023
24/05/2002 21:48:00.030000,16121759.468891649,21221596.217611767,1613303.3633360772
24/05/2002 21:48:30.030000,16111250.22598157,21223856.288698606,1706665.704142116
24/05/2002 21:49:00.030000,16100523.781828582,21225864.380862586,1799995.8715307785
24/05/2002 21:49:30.030000,16089579.22974703,21227621.47462386,1893292.1109732909
24/05/2002 21:50:00.030000,16078415.670267677,21229128.557862163,1986552.6690655851
24/05/2002 21:50:30.030000,16067032.211179849,21230386.625768643,2079775.7935591904
24/05/2002 21:51:00.030000,16055427.967573024,21231396.68079729,2172959.733392119
24/05/2002 21:51:30.030000,16043602.061879592,21232159.732615247,2266102.738719813
24/05/2002 21:52:00.030000,16031553.623915939,21232676.798053764,2359203.0609458513
24/05/2002 21:52:30.030000,16019281.790923184,21232948.90105889,2452258.9527526824
24/05/2002 21:53:00.030000,16006785.707608953,21232977.072640993,2545268.6681323433
24/05/2002 21:53:30.030000,15994064.526187312,21232762.35082509,2638230.4624171173
24/05/2002 21:54:00.030000,15981117.406419396,21232305.780600138,2731142.5923099443
24/05/2002 21:54:30.030000,15967943.515652632,21231608.41386903,2824003.3159150844
24/05/2002 21:55:00.030000,15954542.028861277,21230671.309396908,2916810.8927684585
24/05/2002 21:55:30.030000,15940912.12868521,21229495.53276046,3009563.5838681213
24/05/2002 21:56:00.030000,15927053.005468505,21228082.156296868,3102259.651704442
24/05/2002 21:56:30.030000,15912963.857298795,21226432.259051565,3194897.36029057
24/05/2002 21:57:00.030000,15898643.890045257,21224546.926726673,3287474.975192447
24/05/2002 21:57:30.030999,15884092.317396048,21222427.25162934,3379990.7635590443
24/05/2002 21:58:00.031000,15869308.360896818,21220074.332618717,3472442.994152458
24/05/2002 21:58:30.030999,15854291.24998757,21217489.275053777,3564829.937377902
24/05/2002 21:59:00.031000,15839040.222039185,21214673.19074083,3657149.8653136073
24/05/2002 21:59:30.030999,15823554.52239087,21211627.19787994,3749401.0517408736
24/05/2002 22:00:00.031000,15807833.404386098,21208352.421011984,3841581.7721737283
24/05/2002 22:00:30.030999,15791876.129407998,21204849.99096554,3933690.3038888313
24/05/2002 22:01:00.031000,15775681.966915915,21201121.04480262,4025724.9259551335
24/05/2002 22:01:30.030999,15759250.194480237,21197166.725765027,4117683.9192634723
24/05/2002 22:02:00.031000,15742580.09781682,21192988.183220692,4209565.566556259
24/05/2002 22:02:30.030999,15725670.970822543,21188586.57260862,4301368.152456876
24/05/2002 22:03:00.031000,15708522.11560896,21183963.055384796,4393089.963499304
24/05/2002 22:03:30.030999,15691132.84253592,21179118.798967697,4484729.288157282
24/05/2002 22:04:00.031000,15673502.470245851,21174054.97668276,4576284.416873855
24/05/2002 22:04:30.030999,15655630.325696638,21168772.76770755,4667753.642090439
24/05/2002 22:05:00.031000,15637515.744193861,21163273.35701677,4759135.258276213
24/05/2002 22:05:30.030999,15619158.069424402,21157557.935326055,4850427.561957036
24/05/2002 22:06:00.031000,15600556.653487828,21151627.699036736,4941628.851744703
24/05/2002 22:06:30.030999,15581710.856928533,21145483.85017957,5032737.428365795
24/05/2002 22:07:00.031000,15562620.048766587,21139127.59635922,5123751.594690731
24/05/2002 22:07:30.030999,15543283.606529793,21132560.150697187,5214669.655762486
24/05/2002 22:08:00.031000,15523700.916283803,21125782.731775686,5305489.918825588
24/05/2002 22:08:30.030999,15503871.37266227,21118796.56358129,5396210.693354592
24/05/2002 22:09:00.031000,15483794.378897537,21111602.875447437,5486830.291083009
24/05/2002 22:09:30.030999,15463469.346850071,21104202.901997667,5577347.026031642
24/05/2002 22:10:00.031000,15442895.697037112,21096597.88308886,5667759.214537385
24/05/2002 22:10:30.030999,15422072.85866274,21088789.063753024,5758065.175281375
24/05/2002 22:11:00.031000,15401000.26964578,21080777.694140207,5848263.229317658
24/05/2002 22:11:30.030999,15379677.376647774,21072565.029461026,5938351.700101316
24/05/2002 22:12:00.031000,15358103.635101601,21064152.329928134,6028328.913516836
24/05/2002 22:12:30.030999,15336278.509238603,21055540.860698476,6118193.197906216
24/05/2002 22:13:00.031000,15314201.472115247,21046731.891815435,6207942.884097115
24/05/2002 22:13:30.030999,15291872.005640816,21037726.698149707,6297576.305430849
24/05/2002 22:14:00.031000,15269289.600603279,21028526.559341215,6387091.797790475
24/05/2002 22:14:30.030999,15246453.75669502,21019132.75974061,6476487.69962851
24/05/2002 22:15:00.031000,15223363.98253927,21009546.588349856,6565762.3519949345
24/05/2002 22:15:30.030999,15200019.795715028,20999769.338763546,6654914.098564853
24/05/2002 22:16:00.031000,15176420.722781554,20989802.309110045,6743941.2856662
24/05/2002 22:16:30.030999,15152566.299303755,20979646.801991597,6832842.262307408
24/05/2002 22:17:00.031000,15128456.069876065,20969304.124425184,6921615.3802048275
24/05/2002 22:17:30.030999,15104089.588145616,20958775.58778329,7010258.993810384
24/05/2002 22:18:00.031000,15079466.416836806,20948062.50773353,7098771.460338786
24/05/2002 22:18:30.030999,15054586.127773756,20937166.204179164,7187151.139794997
24/05/2002 22:19:00.031000,15029448.301902667,20926088.001199394,7275396.395001419
24/05/2002 22:19:30.030999,15004052.529314939,20914829.22698863,7363505.591625133
24/05/2002 22:20:00.031000,14978398.409268687,20903391.213796694,7451477.098204911
24/05/2002 22:20:30.030999,14952485.550210452,20891775.29786822,7539309.286178374
24/05/2002 22:21:00.031000,14926313.569795907,20879982.81938262,7627000.529908888
24/05/2002 22:21:30.030999,14899882.094911523,20868015.12239282,7714549.20671248
24/05/2002 22:22:00.031000,14873190.761694659,20855873.55476485,7801953.696884584
24/05/2002 22:22:30.030999,14846239.21555305,20843559.468117364,7889212.383726939
24/05/2002 22:23:00.031000,14819027.11118555,20831074.21775999,7976323.653574075
24/05/2002 22:23:30.030999,14791554.112600815,20818419.16263263,8063285.895820081
24/05/2002 22:24:00.031000,14763819.893135995,20805595.665244594,8150097.502944964
24/05/2002 22:24:30.030999,14735824.135475995,20792605.091612697,8236756.870541268
24/05/2002 22:25:00.031000,14707566.531671371,20779448.811200175,8323262.397340255
24/05/2002 22:25:30.030999,14679046.783155521,20766128.196855534,8409612.485238371
24/05/2002 22:26:00.031000,14650264.600763094,20752644.62475034,8495805.539323367
24/05/2002 22:26:30.030999,14621219.704746548,20738999.474317864,8581839.967900474
24/05/2002 22:27:00.031000,14591911.82479233,20725194.128191628,8667714.182518488
24/05/2002 22:27:30.030999,14562340.700038027,20711229.972142912,8753426.597995766
24/05/2002 22:28:00.031000,14532506.079087896,20697108.395019136,8838975.632446075
24/05/2002 22:28:30.030999,14502407.720027756,20682830.788682126,8924359.707304545
24/05/2002 22:29:00.031000,14472045.390441142,20668398.54794538,9009577.24735335
24/05/2002 22:29:30.030999,14441418.867423492,20653813.070512183,9094626.680747451
24/05/2002 22:30:00.031000,14410527.937596105,20639075.756913666,9179506.439040167
24/05/2002 22:30:30.030999,14379372.397120938,20624188.010445807,9264214.957208764
24/05/2002 22:31:00.031000,14347952.051713796,20609151.237107325,9348750.673679845
24/05/2002 22:31:30.030999,14316266.716657065,20593966.84553751,9433112.03035478
24/05/2002 22:32:00.031000,14284316.216813311,20578636.24695304,9517297.472635034
24/05/2002 22:32:30.030999,14252100.386637252,20563160.855085753,9601305.449447332
24/05/2002 22:33:00.031000,14219619.07018794,20547542.086119756,9685134.413268872
24/05/2002 22:33:30.030999,14186872.121139986,20531781.35862911,9768782.820152313
24/05/2002 22:34:00.031000,14153859.402795475,20515880.09351438,9852249.12975091
24/05/2002 22:34:30.030999,14120580.788094584,20499839.71394007,9935531.805343287
24/05/2002 22:35:00.031000,14087036.159625547,20483661.645272028,10018629.313858343
24/05/2002 22:35:30.030999,14053225.409635646,20467347.315013878,10101540.125900012
24/05/2002 22:36:00.031000,14019148.440040415,20450898.152744293,10184262.715771968
24/05/2002 22:36:30.030999,13984805.162432626,20434315.590054225,10266795.561502155
24/05/2002 22:37:00.031000,13950195.498091973,20417601.06048321,10349137.144867394
24/05/2002 22:37:30.030999,13915319.377993317,20400755.99945652,10431285.951417757
24/05/2002 22:38:00.031000,13880176.742814235,20383781.844222285,10513240.47050103
24/05/2002 22:38:30.030999,13844767.542943811,20366680.033787653,10594999.195286876
24/05/2002 22:39:00.031000,13809091.738489447,20349452.008855853,10676560.622791164
24/05/2002 22:39:30.030999,13773149.299283525,20332099.211763207,10757923.253899995
24/05/2002 22:40:00.031000,13736940.204890791,20314623.086415216,10839085.59339385
24/05/2002 22:40:30.030999,13700464.444614146,20297025.07822351,10920046.149971485
24/05/2002 22:41:00.031000,13663722.017500063,20279306.63404281,11000803.43627386
24/05/2002 22:41:30.032000,13626712.932344822,20261469.20210691,11081355.96890793
24/05/2002 22:42:00.032000,13589437.2076992,20243514.231965605,11161702.268470393
24/05/2002 22:42:30.032000,13551894.871872596,20225443.174421556,11241840.859571353
24/05/2002 22:43:00.032000,13514085.962938244,20207257.481466264,11321770.270857826
24/05/2002 22:43:30.032000,13476010.528736578,20188958.60621694,11401489.035037313
24/05/2002 22:44:00.032000,13437668.626878347,20170548.002853308,11480995.688901147
24/05/2002 22:44:30.032000,13399060.324748496,20152027.12655361,11560288.773347879
24/05/2002 22:45:00.032000,13360185.699508553,20133397.43343141,11639366.833406461
24/05/2002 22:45:30.032000,13321044.838098375,20114660.38047241,11718228.41825948
24/05/2002 22:46:00.032000,13281637.837239087,20095817.42547044,11796872.081266157
24/05/2002 22:46:30.032000,13241964.803433865,20076870.02696436,11875296.379985502
24/05/2002 22:47:00.032000,13202025.852969583,20057819.644174423,11953499.876199037
24/05/2002 22:47:30.032000,13161821.111916823,20038667.736939233,12031481.135933822
24/05/2002 22:48:00.032000,13121350.716131222,20019415.765651703,12109238.729485098
24/05/2002 22:48:30.032000,13080614.81125291,20000065.19119597,12186771.231439076
24/05/2002 22:49:00.032000,13039613.55270586,19980617.474884212,12264077.220695375
24/05/2002 22:49:30.032000,12998347.105697734,19961074.078392763,12341155.280489728
24/05/2002 22:50:00.032000,12956815.645218479,19941436.463698987,12418003.998416249
24/05/2002 22:50:30.032000,12915019.356038177,19921706.09301825,12494621.966449928
24/05/2002 22:51:00.032000,12872958.432706054,19901884.42874001,12571007.780968787
24/05/2002 22:51:30.032000,12830633.079547632,19881972.93336483,12647160.042776156
24/05/2002 22:52:00.032000,12788043.51066164,19861973.069441415,12723077.357122732
24/05/2002 22:52:30.032000,12745189.949917713,19841886.29950278,12798758.333728604
24/05/2002 22:53:00.032000,12702072.630952483,19821714.086003404,12874201.586805232
24/05/2002 22:53:30.032000,12658691.797165263,19801457.891256317,12949405.73507728
24/05/2002 22:54:00.032000,12615047.701714639,19781119.17736943,13024369.401804375
24/05/2002 22:54:30.032000,12571140.607513327,19760699.406182773,13099091.214802874
24/05/2002 22:55:00.032000,12526970.78722284,19740200.03920573,13173569.806467392
24/05/2002 22:55:30.032000,12482538.523248762,19719622.5375535,13247803.813792361
24/05/2002 22:56:00.032000,12437844.107734613,19698968.361884467,13321791.878393527
24/05/2002 22:56:30.032000,12392887.842555178,19678238.97233761,13395532.646529254
24/05/2002 22:57:00.032000,12347670.039310832,19657435.828469068,13469024.76912179
24/05/2002 22:57:30.032000,12302191.019320056,19636560.38918977,13542266.90177858
24/05/2002 22:58:00.032000,12256451.113611804,19615614.112702854,13615257.704813221
24/05/2002 22:58:30.032000,12210450.662918545,19594598.456440628,13687995.843266599
24/05/2002 22:59:00.032000,12164190.017667562,19573514.877002243,13760479.98692784
24/05/2002 22:59:30.032000,12117669.53797282,19552364.830091078,13832708.81035512
24/05/2002 23:00:00.032000,12070889.736469217,19531149.730476912,13904680.893016383
24/05/2002 23:00:30.032000,12023850.701150853,19509871.10735056,13976395.1177051
24/05/2002 23:01:00.032000,11976552.969692687,19488530.37791442,14047850.074655509
24/05/2002 23:01:30.032000,11928996.94086461,19467128.993668113,14119044.45770927
24/05/2002 23:02:00.032000,11881183.023075335,19445668.40490372,14189976.965580197
24/05/2002 23:02:30.032000,11833111.63436116,19424150.060644068,14260646.301874695
24/05/2002 23:03:00.032000,11784783.202374494,19402575.408580933,14331051.175111959
24/05/2002 23:03:30.032000,11736198.164373089,19380945.895012647,14401190.298744228
24/05/2002 23:04:00.032000,11687356.967207737,19359262.964782566,14471062.391176872
24/05/2002 23:04:30.032000,11638260.067309648,19337528.06121757,14540666.175788429
24/05/2002 23:05:00.032000,11588907.930678548,19315742.62606595,14610000.380950533
24/05/2002 23:05:30.032000,11539301.03286928,19293908.099436153,14679063.740047801
24/05/2002 23:06:00.032000,11489439.858978016,19272025.919735506,14747854.991497546
24/05/2002 23:06:30.032000,11439324.903629212,19250097.523608483,14816372.87876958
24/05/2002 23:07:00.032000,11388956.670961143,19228124.345875647,14884616.150405724
24/05/2002 23:07:30.032000,11338335.674611013,19206107.819472793,14952583.560039304
24/05/2002 23:08:00.032000,11287462.437700754,19184049.375389412,15020273.86641469
24/05/2002 23:08:30.032000,11236337.492821423,19161950.442608047,15087685.833406605
24/05/2002 23:09:00.032000,11184961.382017199,19139812.448043678,15154818.23003934
24/05/2002 23:09:30.032000,11133334.656770125,19117636.816482585,15221669.830506014
24/05/2002 23:10:00.032000,11081457.877983406,19095424.97052198,15288239.414187612
24/05/2002 23:10:30.032000,11029331.615964232,19073178.330509797,15354525.765672019
24/05/2002 23:11:00.032000,10976956.450407423,19050898.314483877,15420527.67477297
24/05/2002 23:11:30.032000,10924332.97037765,19028586.338111952,15486243.936548872
24/05/2002 23:12:00.032000,10871461.774291122,19006243.814631805,15551673.351321535
24/05/2002 23:12:30.032000,10818343.469898291,18983872.154790837,15616814.724694882
24/05/2002 23:13:00.032000,10764978.674264591,18961472.766786493,15681666.867573516
24/05/2002 23:13:30.032000,10711368.01375191,18939047.056206435,15746228.596181236
24/05/2002 23:14:00.032000,10657512.123998685,18916596.425969247,15810498.732079443
24/05/2002 23:14:30.032000,10603411.64990109,18894122.276264545,15874476.10218547
24/05/2002 23:15:00.032000,10549067.24559261,18871626.004493855,15938159.5387908
24/05/2002 23:15:30.032000,10494479.574423222,18849109.005211744,16001547.879579313
24/05/2002 23:16:00.032000,10439649.308939537,18826572.670066264,16064639.967645245
24/05/2002 23:16:30.032000,10384577.130863236,18804018.387740318,16127434.65151124
24/05/2002 23:17:00.032000,10329263.731069215,18781447.5438932,16189930.785146305
24/05/2002 23:17:30.032000,10273709.809564669,18758861.521101452,16252127.22798346
24/05/2002 23:18:00.032000,10217916.075466404,18736261.698800746,16314022.84493766
24/05/2002 23:18:30.032000,10161883.246978031,18713649.45322777,16375616.506423298
24/05/2002 23:19:00.032000,10105612.051367754,18691026.157361645,16436907.08837187
24/05/2002 23:19:30.032000,10049103.22494488,18668393.18086621,16497893.47224936
24/05/2002 23:20:00.032000,9992357.513035797,18645751.890032392,16558574.545073673
24/05/2002 23:20:30.032000,9935375.669960765,18623103.647720117,16618949.19943194
24/05/2002 23:21:00.032000,9878158.459009372,18600449.81330104,16679016.333497701
24/05/2002 23:21:30.032000,9820706.652415385,18577791.742601443,16738774.85104807
24/05/2002 23:22:00.032000,9763021.031332636,18555130.787844636,16798223.66148075
24/05/2002 23:22:30.032000,9705102.385809284,18532468.297594164,16857361.67983099
24/05/2002 23:23:00.032000,9646951.514761724,18509805.61669724,16916187.82678848
24/05/2002 23:23:30.032000,9588569.225949405,18487144.086227648,16974701.028714124
24/05/2002 23:24:00.032000,9529956.33594806,18464485.043429483,17032900.217656698
24/05/2002 23:24:30.033000,9471113.670122571,18441829.82166109,17090784.331369493
24/05/2002 23:25:00.033000,9412042.062600752,18419179.75033852,17148352.313326895
24/05/2002 23:25:30.033000,9352742.356245432,18396536.15487989,17205603.11274069
24/05/2002 23:26:00.033000,9293215.402627002,18373900.356649492,17262535.684576537
24/05/2002 23:26:30.033000,9233462.06199479,18351273.672902483,17319148.989570156
24/05/2002 23:27:00.033000,9173483.203249443,18328657.41672917,17375441.994243544
24/05/2002 23:27:30.033000,9113279.703913871,18306052.896999992,17431413.67092106
24/05/2002 23:28:00.033000,9052852.450103732,18283461.41831071,17487062.997745384
24/05/2002 23:28:30.033000,8992202.33649874,18260884.280927256,17542388.9586935
24/05/2002 23:29:00.033000,8931330.266312651,18238322.780731328,17597390.543592505
24/05/2002 23:29:30.033000,8870237.151262725,18215778.209166177,17652066.74813531
24/05/2002 23:30:00.033000,8808923.911540138,18193251.853182,17706416.57389632
24/05/2002 23:30:30.033000,8747391.475778835,18170744.99518219,17760439.02834704
24/05/2002 23:31:00.033000,8685640.781024111,18148258.91296969,17814133.124871485
24/05/2002 23:31:30.033000,8623672.772701936,18125794.87969304,17867497.882781647
24/05/2002 23:32:00.033000,8561488.40458692,18103354.16379318,17920532.32733273
24/05/2002 23:32:30.033000,8499088.6387699,18080938.028950494,17973235.489738397
24/05/2002 23:33:00.033000,8436474.445626223,18058547.73403147,18025606.40718595
24/05/2002 23:33:30.033000,8373646.803782892,18036184.533036135,18077644.12285127
24/05/2002 23:34:00.033000,8310606.700084936,18013849.67504573,18129347.685913876
24/05/2002 23:34:30.033000,8247355.12956307,17991544.404170025,18180716.151571702
24/05/2002 23:35:00.033000,8183893.095399457,17969269.95949542,18231748.581056
24/05/2002 23:35:30.033000,8120221.608893563,17947027.57503327,18282444.041645877
24/05/2002 23:36:00.033000,8056341.689428532,17924818.479667857,18332801.606683027
24/05/2002 23:36:30.033000,7992254.364436236,17902643.897105195,18382820.355586182
24/05/2002 23:37:00.033000,7927960.669362011,17880505.045821957,18432499.373865563
24/05/2002 23:37:30.033000,7863461.647630152,17858403.13901425,18481837.75313725
24/05/2002 23:38:00.033000,7798758.35060797,17836339.384547025,18530834.59113734
24/05/2002 23:38:30.033000,7733851.837570102,17814314.98490356,18579488.991736244
24/05/2002 23:39:00.033000,7668743.175661993,17792331.137135353,18627800.064952653
24/05/2002 23:39:30.033000,7603433.439864034,17770389.032811802,18675766.92696761
24/05/2002 23:40:00.033000,7537923.712954609,17748489.85797058,18723388.700138338
24/05/2002 23:40:30.033000,7472215.085472523,17726634.79306824,18770664.513012107
24/05/2002 23:41:00.033000,7406308.6556805,17704825.01293064,18817593.500339933
24/05/2002 23:41:30.033000,7340205.52952705,17683061.686703965,18864174.803090226
24/05/2002 23:42:00.033000,7273906.8206082545,17661345.97780616,18910407.568462323
24/05/2002 23:42:30.033000,7207413.650130101,17639679.04387798,18956290.949899983
24/05/2002 23:43:00.033000,7140727.146869698,17618062.036734898,19001824.10710469
24/05/2002 23:43:30.033000,7073848.447135968,17596496.10231913,19047006.206049014
24/05/2002 23:44:00.033000,7006778.694731313,17574982.38065157,19091836.418989748
24/05/2002 23:44:30.033000,6939519.04091178,17553522.005784385,19136313.924481027
24/05/2002 23:45:00.033000,6872070.644346898,17532116.105753824,19180437.907387365
24/05/2002 23:45:30.033000,6804434.671080523,17510765.802532922,19224207.55889654
24/05/2002 23:46:00.033000,6736612.294490071,17489472.211984865,19267622.076532505
24/05/2002 23:46:30.033000,6668604.6952456795,17468236.443816606,19310680.664168026
24/05/2002 23:47:00.033000,6600413.061269904,17447059.601532295,19353382.53203744
24/05/2002 23:47:30.033000,6532038.587696316,17425942.782387517,19395726.896749202
24/05/2002 23:48:00.033000,6463482.476827705,17404887.077343605,19437712.981298324
24/05/2002 23:48:30.033000,6394745.938095004,17383893.571021978,19479340.015078824
24/05/2002 23:49:00.033000,6325830.188015014,17362963.341659088,19520607.233896
24/05/2002 23:49:30.033000,6256736.450147712,17342097.461061608,19561513.879978646
24/05/2002 23:50:00.033000,6187465.955054483,17321296.994561568,19602059.201991167
24/05/2002 23:50:30.033000,6118019.940254899,17300563.0009721,19642242.455045644
24/05/2002 23:51:00.033000,6048399.65018323,17279896.53254349,19682062.900713768
24/05/2002 23:51:30.033000,5978606.336145928,17259298.63491911,19721519.807038654
24/05/2002 23:52:00.033000,5908641.2562773395,17238770.347092062,19760612.448546678
24/05/2002 23:52:30.033000,5838505.675496205,17218312.701361854,19799340.106259108
24/05/2002 23:53:00.033000,5768200.865460929,17197926.723291587,19837702.06770367
24/05/2002 23:53:30.033000,5697728.104525843,17177613.43166506,19875697.626926135
24/05/2002 23:54:00.033000,5627088.677696248,17157373.838444464,19913326.084501613
24/05/2002 23:54:30.033000,5556283.87658304,17137208.948728442,19950586.747545943
24/05/2002 23:55:00.033000,5485314.999358186,17117119.760709994,19987478.929726895
24/05/2002 23:55:30.033000,5414183.35070896,17097107.265635114,20024001.951275326
24/05/2002 23:56:00.033000,5342890.241791884,17077172.447761636,20060155.13899617
24/05/2002 23:56:30.033000,5271436.990187318,17057316.284318108,20095937.82627948
24/05/2002 23:57:00.033000,5199824.919853053,17037539.74546323,20131349.35311122
24/05/2002 23:57:30.033000,5128055.361077321,17017843.79424567,20166389.06608408
24/05/2002 23:58:00.033000,5056129.650432906,16998229.386563744,20201056.318408128
24/05/2002 23:58:30.033000,4984049.130729695,16978697.471125826,20235350.46992145
24/05/2002 23:59:00.033000,4911815.150967166,16959248.989411,20269270.887100607
24/05/2002 23:59:30.033000,4839429.066287563,16939884.875629704,20302816.943071097
